src_ip,dst_ip,src_port,dst_port
66.9.149.187,161.142.100.80,5001,4739
66.9.149.187,161.142.100.80,5002,4739
66.9.149.187,161.142.100.80,5003,4739
66.9.149.187,161.142.100.80,5004,4739
66.9.149.187,161.142.100.80,5005,4739
66.9.149.187,161.142.100.80,5006,4739
66.9.149.187,161.142.100.80,5007,4739
66.9.149.187,161.142.100.80,5008,4739
66.9.149.187,161.142.100.80,5009,4739
66.9.149.187,161.142.100.80,5010,4739
66.9.149.187,161.142.100.80,5011,4739
66.9.149.187,161.142.100.80,5012,4739
66.9.149.187,161.142.100.80,5013,4739
66.9.149.187,161.142.100.80,5014,4739
66.9.149.187,161.142.100.80,5015,4739
66.9.149.187,161.142.100.80,5016,4739
66.9.149.187,161.142.100.80,5017,4739
66.9.149.187,161.142.100.80,5018,4739
66.9.149.187,161.142.100.80,5019,4739
66.9.149.187,161.142.100.80,5020,4739
66.9.149.187,161.142.100.80,5021,4739
66.9.149.187,161.142.100.80,5022,4739
66.9.149.187,161.142.100.80,5023,4739
66.9.149.187,161.142.100.80,5024,4739
66.9.149.187,161.142.100.80,5025,4739
66.9.149.187,161.142.100.80,5026,4739
66.9.149.187,161.142.100.80,5027,4739
66.9.149.187,161.142.100.80,5028,4739
66.9.149.187,161.142.100.80,5029,4739
66.9.149.187,161.142.100.80,5030,4739
66.9.149.187,161.142.100.80,5031,4739
66.9.149.187,161.142.100.80,5032,4739
66.9.149.187,161.142.100.80,5033,4739
66.9.149.187,161.142.100.80,5034,4739
66.9.149.187,161.142.100.80,5035,4739
66.9.149.187,161.142.100.80,5036,4739
66.9.149.187,161.142.100.80,5037,4739
66.9.149.187,161.142.100.80,5038,4739
66.9.149.187,161.142.100.80,5039,4739
66.9.149.187,161.142.100.80,5040,4739
66.9.149.187,161.142.100.80,5041,4739
66.9.149.187,161.142.100.80,5042,4739
66.9.149.187,161.142.100.80,5043,4739
66.9.149.187,161.142.100.80,5044,4739
66.9.149.187,161.142.100.80,5045,4739
66.9.149.187,161.142.100.80,5046,4739
66.9.149.187,161.142.100.80,5047,4739
66.9.149.187,161.142.100.80,5048,4739
66.9.149.187,161.142.100.80,5049,4739
66.9.149.187,161.142.100.80,5050,4739
66.9.149.187,161.142.100.80,5051,4739
66.9.149.187,161.142.100.80,5052,4739
66.9.149.187,161.142.100.80,5053,4739
66.9.149.187,161.142.100.80,5054,4739
66.9.149.187,161.142.100.80,5055,4739
66.9.149.187,161.142.100.80,5056,4739
66.9.149.187,161.142.100.80,5057,4739
66.9.149.187,161.142.100.80,5058,4739
66.9.149.187,161.142.100.80,5059,4739
66.9.149.187,161.142.100.80,5060,4739
66.9.149.187,161.142.100.80,5061,4739
66.9.149.187,161.142.100.80,5062,4739
66.9.149.187,161.142.100.80,5063,4739
66.9.149.187,161.142.100.80,5064,4739
66.9.149.187,161.142.100.80,5065,4739
66.9.149.187,161.142.100.80,5066,4739
66.9.149.187,161.142.100.80,5067,4739
66.9.149.187,161.142.100.80,5068,4739
66.9.149.187,161.142.100.80,5069,4739
66.9.149.187,161.142.100.80,5070,4739
66.9.149.187,161.142.100.80,5071,4739
66.9.149.187,161.142.100.80,5072,4739
66.9.149.187,161.142.100.80,5073,4739
66.9.149.187,161.142.100.80,5074,4739
66.9.149.187,161.142.100.80,5075,4739
66.9.149.187,161.142.100.80,5076,4739
66.9.149.187,161.142.100.80,5077,4739
66.9.149.187,161.142.100.80,5078,4739
66.9.149.187,161.142.100.80,5079,4739
66.9.149.187,161.142.100.80,5080,4739
66.9.149.187,161.142.100.80,5081,4739
66.9.149.187,161.142.100.80,5082,4739
66.9.149.187,161.142.100.80,5083,4739
66.9.149.187,161.142.100.80,5084,4739
66.9.149.187,161.142.100.80,5085,4739
66.9.149.187,161.142.100.80,5086,4739
66.9.149.187,161.142.100.80,5087,4739
66.9.149.187,161.142.100.80,5088,4739
66.9.149.187,161.142.100.80,5089,4739
66.9.149.187,161.142.100.80,5090,4739
66.9.149.187,161.142.100.80,5091,4739
66.9.149.187,161.142.100.80,5092,4739
66.9.149.187,161.142.100.80,5093,4739
66.9.149.187,161.142.100.80,5094,4739
66.9.149.187,161.142.100.80,5095,4739
66.9.149.187,161.142.100.80,5096,4739
66.9.149.187,161.142.100.80,5097,4739
66.9.149.187,161.142.100.80,5098,4739
66.9.149.187,161.142.100.80,5099,4739
66.9.149.187,161.142.100.80,5100,4739
